id,name,address,dob,email,company,source
demo_0355,Ana Allen,"320 River Rd, Portland, OR 97201",1993-01-13,anaallen@mail.com,Eastern Star Shipping Co,Fraud_DB
demo_0107,Jessica Parker,"9418 Lincoln Way, Miami, FL 33101",1951-12-20,jessicaparker@aol.com,Acme Corp,Fraud_DB
demo_0126,Elizabeth Adams,"7434 Spring St, Philadelphia, PA 19101",1988-08-05,elizabeth.adams@yahoo.com,Ironclad Security,Fraud_DB
demo_0496,Linda Wright,"2748 Highland Dr, Durham, NC 27701",1956-03-05,linda.wright50@hotmail.com,Pinnacle Health Systems,CRM
demo_0002,Sarah Bell,"521 Main St, Los Angeles, CA 90001",1969-08-13,sarah.bell@hotmail.com,Ironclad Security,CRM
demo_0168,Carlos Morgan,"3069 Elm Rd, Nashville, TN 37201",1982-05-09,carlos.morgan@yahoo.com,BlueRock Capital,Billing
demo_0231,NICOLE BELL,"843 Lincoln Way, Philadelphia, PA",1978-01-12,nicole.bell@icloud.com,Clearwater Systems,CRM
demo_0064,Mei Anderson,"2684 Lincoln Way, Chicago, IL 60601",1952-04-21,mei.anderson51@protonmail.com,Metro Logistics,CRM
demo_0153,Daniel Campbell,"5083 River Rd, Houston, TX 77001",1957-08-08,daniel.campbell83@protonmail.com,Meridian Insurance,CRM
demo_0416,Ingrid Martin,"2251 Washington Blvd, Atlanta, GA 30301",1986-09-17,imartin@mail.com,Meridian Insurance,Fraud_DB
demo_0368,Alexei Sidorov,SDGT RUSSIA,1974-08-25,,,OFAC
demo_0410,William Reed,"5237 Maple Ln, Boston, MA 02101",1994-08-15,williamreed@protonmail.com,Silverline Consulting,Billing
demo_0152,Maria Stewart,"4656 Broadway, Philadelphia, PA 19101",1963-06-29,maria.stewart@icloud.com,Clearwater Systems,Fraud_DB
demo_0356,Sergei Volkov,SDGT RUSSIA,1968-03-15,,Volkov Energy Partners,OFAC
demo_0304,Mary Gonzalze,"Austin, TX 73301, 1201 Franklin Ave",1995-05-21,mgonzalez@aol.com,Apex Manufacturing,Billing
demo_0360,Hassan Al-Mahmoud,SDGT SYRIA,1980-01-30,,,OFAC
demo_0155,Yusuf Torres,"3146 Park Ave, Houston, TX 77001",1963-11-26,yusuftorres@yahoo.com,Summit Financial,Fraud_DB
demo_0320,Jessica Johnson,"2689 Market St, Portland, OR 97201",1969-02-11,maria.hernandez35@mail.com,Pinnacle Health Systems,Billing
demo_0272,Rick Robinson,"1859 Market St, Chicago, IL",1964-10-25,richard.robinson@aol.com,Vanguard Properties,Billing
demo_0165,Nadia Martin,"8992 Jefferson Blvd, Nashville, TN 37201",1987-12-22,nadiamartin@yahoo.com,DataStream Analytics,Billing
demo_0156,Olga Jones,"5518 Jefferson Blvd, Houston, TX 77001",1983-10-19,ojones@outlook.com,Bright Horizons LLC,Fraud_DB
demo_0234,Nadia Morgan,"6382 Adams Street, Boston, MA 02101",1984-02-16,nadia.morgan@gmail.com,Apex Manufacturing,CRM
demo_0166,Thomas Miller,"3907 Lake Shore Dr, Philadelphia, PA 19101",1991-01-04,thomas.miller@yahoo.com,Atlas Freight,Fraud_DB
demo_0468,Daniel Brown,"7524 Highland Dr, New York, NY 10001",1957-11-07,daniel.brown@yahoo.com,Bright Horizons LLC,Billing
demo_0167,Barbara Williams,"8444 Adams St, Seattle, WA 98101",1962-11-18,barbara.williams1@protonmail.com,Northstar Advisory,Billing
demo_0367,Omar Farooq,"5879 Adams St, Boston, MA 02101",1982-12-01,ofarooq@icloud.com,,Fraud_DB
demo_0010,Jessica Mitchell,"3484 Church St, Raleigh, NC 27601",1991-03-02,jessicamitchell@outlook.com,Pinnacle Health Systems,CRM
demo_0172,Svetlana Sanchez,"687 Highland Dr, Miami, FL 33101",1996-03-28,svetlana.sanchez33@aol.com,TechNova Inc,Fraud_DB
demo_0431,Michael Adams,"5902 Highland Dr, Charlotte, NC 28201",1960-05-25,michael.adams@yahoo.com,Acme Corp,CRM
demo_0273,MARY EVANS,"Chicago, IL 60601, 1444 Lake Shore Dr",1971-10-30,maryevans@gmail.com,GlobalTrade Solutions,CRM
demo_0049,Ana Sanchez,"2415 Main St, New York, NY 10001",1971-12-20,ana.sanchez@mail.com,Horizon Pharma,Billing
demo_0430,David Gonzalez,"4193 Park Ave, Durham, NC 27701",1976-07-23,david.gonzalez7@protonmail.com,Summit Financial,CRM
demo_0460,Daniel Garcia,"2519 Highland Dr, Philadelphia, PA 19101",1954-07-25,daniel.garcia74@protonmail.com,Ironclad Security,Billing
demo_0330,Amanda Rodriguez,"7168 Park Ave, New York, NY 10001",1971-12-08,weicook@yahoo.com,GlobalTrade Solutions,Billing
demo_0313,Emeka Cooper,"6529 Highland Dr, Denver, CO 80201",1988-05-19,nicoleharris@protonmail.com,Metro Logistics,Fraud_DB
demo_0414,Chen Wright,"9594 Lincoln Way, Durham, NC 27701",1960-07-26,chen.wright@mail.com,Petrov Trading LLC,Fraud_DB
demo_0271,M. Howard,"3645 Washington Boulevard, Durham, NC 27701",1981-05-15,mhoward@protonmail.com,DataStream Analytics,Fraud_DB
demo_0023,Priya Phillips,"1791 Park Ave, Austin, TX 73301",1967-01-24,pphillips@mail.com,Silverline Consulting,CRM
demo_0374,Dmitri Roberts,"2236 Cedar Ct, Charlotte, NC 28201",1993-09-16,droberts@icloud.com,Volkov Energy Partners,Fraud_DB
demo_0220,THOMAS EVANS,"5039 Park Avenue, New York, NY 10001",1971-08-11,thomas.evans23@outlook.com,Atlas Freight,Billing
demo_0079,Richard Allen,"1941 Franklin Ave, Charlotte, NC 28201",1970-04-01,richard.allen57@aol.com,Prairie Wind Energy,Fraud_DB
demo_0028,Linda Lee,"932 Spring St, Los Angeles, CA 90001",1966-09-03,linda.lee@yahoo.com,DataStream Analytics,Billing
demo_0202,"Morgan, Ahmed","7906 Church St, Seattle, WA",1990-12-24,ahmed.morgan25@outlook.com,Northstar Advisory,CRM
demo_0117,Chen Lewis,"7265 Market St, Seattle, WA 98101",1982-07-16,chenlewis@yahoo.com,Ironclad Security,Fraud_DB
demo_0251,J. Thomas,"743 Jefferson Blvd, Seattle, WA 98101",1964-03-17,jenniferthomas@mail.com,Ironclad Security,Fraud_DB
demo_0150,Stephanie Thompson,"642 Park Ave, Durham, NC 27701",1989-06-03,stephaniethompson@outlook.com,Apex Manufacturing,Billing
demo_0398,Ingrid Gonzalez,"3735 Maple Ln, Miami, FL 33101",1989-10-02,ingridgonzalez@icloud.com,Khalid International Group,Billing
demo_0216,Nicole Edawrds,"1130 Spring St, Atlanta, GA 30301",1951-02-19,nicole.edwards14@aol.com,Silverline Consulting,Fraud_DB
demo_0012,Jennifer Lopez,"772 Pine Dr, Houston, TX 77001",1964-05-09,jennifer.lopez@aol.com,BlueRock Capital,Billing
demo_0159,Jessica Bailey,"7565 Lincoln Way, Raleigh, NC 27601",1995-02-13,jbailey@aol.com,Metro Logistics,Fraud_DB
demo_0145,Yuki Martinez,"2903 Church St, Durham, NC 27701",2000-07-29,yukimartinez@mail.com,Meridian Insurance,CRM
demo_0214,P. Jackson,"8372 Pine Dr, Houston, TX 77001",1972-12-18,priyajackson@aol.com,Northstar Advisory,Fraud_DB
demo_0029,Thomas Allen,"9486 Jefferson Blvd, New York, NY 10001",1957-05-10,thomasallen@aol.com,Coastal Engineering,CRM
demo_0354,Amit Ward,"1438 Broadway, Raleigh, NC 27601",1962-04-24,award@aol.com,Petrov Trading LLC,Fraud_DB
demo_0380,Wei Campbell,"8947 River Rd, Chicago, IL 60601",1993-01-06,wcampbell@hotmail.com,Horizon Pharma,CRM
demo_0249,Kwame Roberts,"9892 Broadway, Boston, MA",1958-03-12,kwame.roberts32@yahoo.com,Coastal Engineering,Billing
demo_0344,Nicole Taylor,"4779 Broadway, Atlanta, GA 30301",1985-04-03,nicoletaylor@icloud.com,Al-Rashid Import Export,Billing
demo_0499,Gabriela Smith,"7070 Spring St, Charlotte, NC 28201",1983-03-25,gabriela.smith30@gmail.com,Atlas Freight,Billing
demo_0099,Joseph Cooper,"252 Maple Ln, Charlotte, NC 28201",1963-11-07,joseph.cooper34@yahoo.com,Meridian Insurance,Fraud_DB
demo_0063,Nicole Anderson,"9241 Washington Blvd, Durham, NC 27701",1972-12-27,nanderson@icloud.com,Northstar Advisory,Fraud_DB
demo_0127,Mark Murphy,"7399 Park Ave, Charlotte, NC 28201",1980-05-29,mark.murphy54@mail.com,Summit Financial,Billing
demo_0195,"Harris, Nicole","6529 Highland Dr, Denver, CO",1956-03-24,nicoleharris@protonmail.com,Vanguard Properties,Fraud_DB
demo_0164,Nadia Howard,"2274 Church St, Durham, NC 27701",1950-06-22,nadia.howard@yahoo.com,Coastal Engineering,CRM
demo_0288,O. Evans,"5934 River Road, Detroit, MI 48201",1952-11-27,olga.evans@yahoo.com,Apex Manufacturing,Fraud_DB
demo_0473,Dmitri Edwards,"183 Franklin Ave, Minneapolis, MN 55401",1962-09-07,dmitri.edwards@yahoo.com,Acme Corp,Fraud_DB
demo_0347,Miguel Thomas,"2583 Lincoln Way, Philadelphia, PA 19101",1953-08-14,miguelthomas@hotmail.com,Petrov Trading LLC,CRM
demo_0291,FATIMA NELSON,"475 Oak Ave, Atlanta, GA 30301",1955-01-13,fatima.nelson1@aol.com,Apex Manufacturing,CRM
demo_0082,Fatima Howard,"4772 Oak Ave, Seattle, WA 98101",1975-11-06,fatima.howard10@protonmail.com,DataStream Analytics,Billing
demo_0192,CHRISTOPHER KING,"855 Church Street, Portland, OR 97201",1999-10-02,christopher.king@yahoo.com,Prairie Wind Energy,Fraud_DB
demo_0245,Robert Thopmson,"4348 Oak Ave, Houston, TX 77001",1987-10-08,robert.thompson@yahoo.com,Atlas Freight,CRM
demo_0379,Omar King,"1771 Main St, New York, NY 10001",1984-08-16,omar.king22@mail.com,Silverline Consulting,Billing
demo_0037,Susan Jackson,"7042 Maple Ln, New York, NY 10001",1977-08-28,susan.jackson@icloud.com,Apex Manufacturing,CRM
demo_0228,AISHA TAYLOR,"4495 Oak Ave, New York, NY",1999-08-24,aishataylor@mail.com,Atlas Freight,Fraud_DB
demo_0140,Nadia Parker,"1181 River Rd, New York, NY 10001",1989-02-19,nadia.parker10@gmail.com,Meridian Insurance,Fraud_DB
demo_0040,Michael Howard,"3645 Washington Blvd, Durham, NC 27701",1981-05-15,mhoward@protonmail.com,DataStream Analytics,CRM
demo_0050,Amanda Harris,"6292 Church St, Raleigh, NC 27601",1971-11-21,amanda.harris@outlook.com,Summit Financial,Billing
demo_0329,Ahmed Hernandez,"8378 Washington Blvd, Houston, TX 77001",1998-02-14,mhoward@protonmail.com,Meridian Insurance,Billing
demo_0434,Christopher Davis,"2612 Pine Dr, Charlotte, NC 28201",1993-04-21,cdavis@mail.com,Northstar Advisory,Billing
demo_0198,Svetlana Rievra,"3834 Franklin Ave, Seattle, WA 98101",1977-10-06,srivera@icloud.com,Apex Manufacturing,Billing
demo_0095,Mei Moore,"1144 Broadway, Charlotte, NC 28201",1980-06-29,mei.moore@protonmail.com,Prairie Wind Energy,Fraud_DB
demo_0333,Christopher Scott,"481 Highland Dr, Charlotte, NC 28201",1974-05-27,christopherscott@yahoo.com,Petrov Trading LLC,Fraud_DB
demo_0475,Stephanie Jackson,"2638 Cedar Ct, Seattle, WA 98101",1972-09-03,stephanie.jackson@hotmail.com,Bright Horizons LLC,Fraud_DB
demo_0120,Sarah Lewis,"3818 Highland Dr, Houston, TX 77001",1950-04-03,slewis@protonmail.com,Pinnacle Health Systems,Fraud_DB
demo_0232,NICOLE MITCHELL,"9311 Broadway, Raleigh, NC 27601",1961-09-28,nmitchell@mail.com,GlobalTrade Solutions,Billing
demo_0007,Joseph Collins,"4555 Market St, Portland, OR 97201",1964-08-04,josephcollins@icloud.com,Metro Logistics,Fraud_DB
demo_0441,Mei Williams,"1682 River Rd, Charlotte, NC 28201",1953-03-20,mei.williams@gmail.com,Northstar Advisory,Fraud_DB
demo_0302,"Parker, Nadia","1181 River Rd, New York, NY",1989-02-19,nadia.parker10@gmail.com,Meridian Insurance,CRM
demo_0319,Joseph Mitchell,"4903 Maple Ln, Raleigh, NC 27601",1961-12-11,mark.davis@gmail.com,Pinnacle Health Systems,CRM
demo_0169,Michael Stewart,"6117 Broadway, Boston, MA 02101",1982-01-14,michaelstewart@yahoo.com,DataStream Analytics,Fraud_DB
demo_0255,Elizabeth Adasm,"7434 Spring St, Philadelphia, PA 19101",1988-08-05,elizabeth.adams@yahoo.com,Ironclad Security,Billing
demo_0160,Christopher King,"855 Church St, Portland, OR 97201",1999-10-02,christopher.king@yahoo.com,Prairie Wind Energy,CRM
demo_0500,Omar Gonzalez,"6972 Maple Ln, Denver, CO 80201",1992-10-21,omar.gonzalez@hotmail.com,Prairie Wind Energy,Fraud_DB
demo_0419,Kwame Ward,"6281 Main St, New York, NY 10001",1997-11-20,kwameward@hotmail.com,Acme Corp,Billing
demo_0011,Mei Wright,"9578 Lake Shore Dr, Detroit, MI 48201",1985-10-31,mwright@icloud.com,Pinnacle Health Systems,Fraud_DB
demo_0399,Karen Lopez,"3080 Market St, Austin, TX 73301",1986-07-13,karenlopez@mail.com,TechNova Inc,Fraud_DB
demo_0479,Matthew Smith,"5132 Park Ave, Seattle, WA 98101",1989-02-15,matthewsmith@protonmail.com,Pinnacle Health Systems,Fraud_DB
demo_0407,Miguel Lewis,"7647 Lincoln Way, Nashville, TN 37201",1985-08-18,miguel.lewis@yahoo.com,Vanguard Properties,Fraud_DB
demo_0085,Dmitri Reed,"4461 Spring St, Minneapolis, MN 55401",1994-04-20,dmitri.reed@mail.com,Northstar Advisory,CRM
demo_0239,Amit Torres,"0997 Park Ave, San Francisco, CA 94101",1994-01-13,atorres@gmail.com,GlobalTrade Solutions,CRM
demo_0331,Thomas Cooper,"9976 Oak Ave, Miami, FL 33101",1965-10-04,thomas.cooper@yahoo.com,Eastern Star Shipping Co,Fraud_DB
demo_0017,Yuki Taylor,"2104 Church St, Minneapolis, MN 55401",1964-10-24,yuki.taylor28@protonmail.com,Ironclad Security,Fraud_DB
demo_0274,JOSEPH MURPHY,"8505 Lake Shore Dr, Charlotte, NC 28201",1991-11-25,joseph.murphy@gmail.com,TechNova Inc,CRM
demo_0024,Ahmed Cox,"4093 Elm Rd, Durham, NC 27701",1999-05-17,ahmed.cox@yahoo.com,Ironclad Security,CRM
demo_0395,Svetlana Baker,"8776 Sunset Blvd, Charlotte, NC 28201",1973-09-12,svetlana.baker74@aol.com,Northstar Advisory,Billing
demo_0053,Mei Howard,"7374 Broadway, Seattle, WA 98101",1974-11-17,mhoward@mail.com,Coastal Engineering,Billing
demo_0058,Jennifer Brown,"6372 Highland Dr, Raleigh, NC 27601",1964-10-22,jbrown@mail.com,Northstar Advisory,Fraud_DB
demo_0448,Fatima Thompson,"2104 Pine Dr, Raleigh, NC 27601",1978-11-16,fatima.thompson78@aol.com,Volkov Energy Partners,CRM
demo_0076,Aisha Taylor,"4495 Oak Ave, New York, NY 10001",1999-08-24,ataylor@protonmail.com,Atlas Freight,CRM
demo_0327,Miguel Lewis,"3528 Highland Dr, Chicago, IL 60601",1955-06-05,ahmed.martin@aol.com,BlueRock Capital,Fraud_DB
demo_0417,Anthony Hernandez,"7989 Highland Dr, Phoenix, AZ 85001",1978-02-12,anthony.hernandez@gmail.com,Horizon Pharma,Billing
demo_0189,Mary Evnas,"1444 Lake Shore Drive, Chicago, IL 60601",1971-10-30,maryevans@outlook.com,GlobalTrade Solutions,CRM
demo_0361,"Al-Mahmoud, Hassan","5857 Adams St, Seattle, WA 98101",1980-01-30,hassan.al-mahmoud@outlook.com,,Fraud_DB
demo_0057,Yuki Stewart,"6866 Franklin Ave, Minneapolis, MN 55401",1969-10-14,ystewart@mail.com,Coastal Engineering,Billing
demo_0257,Svetlana Sanchez,"687 Highland Dr, Miami, FL",1996-03-28,svetlana.sanchez33@aol.com,TechNova Inc,CRM
demo_0388,Michael Wright,"7205 Market St, Denver, CO 80201",1970-04-19,michael.wright@protonmail.com,Pinnacle Health Systems,Fraud_DB
demo_0425,William Anderson,"6829 Market St, Raleigh, NC 27601",1961-02-01,william.anderson90@protonmail.com,Pinnacle Health Systems,CRM
demo_0418,Mark Perez,"9442 Cedar Ct, San Francisco, CA 94101",1957-11-24,mark.perez82@outlook.com,Silverline Consulting,Billing
demo_0078,Thomas Rodriguez,"6566 Church St, Los Angeles, CA 90001",1954-10-23,trodriguez@outlook.com,Clearwater Systems,Billing
demo_0238,NADIA PARKER,"1181 River Rd, New York, NY",1989-02-19,nadia.parker10@gmail.com,Meridian Insurance,Billing
demo_0154,Nicole Lopez,"6938 Spring St, Portland, OR 97201",1951-08-21,nicolelopez@icloud.com,Bright Horizons LLC,CRM
demo_0439,Sergei Young,"5422 Broadway, New York, NY 10001",1995-06-25,sergei.young52@hotmail.com,DataStream Analytics,CRM
demo_0372,Emily Sanchez,"2138 Highland Dr, Phoenix, AZ 85001",1979-01-12,emily.sanchez@gmail.com,Pinnacle Health Systems,Fraud_DB
demo_0280,YUKI MARTINEZ,"2903 Church St, Durham, NC 27701",2000-07-29,yukimartinez@mail.com,Meridian Insurance,Billing
demo_0270,Aisha Taylor,"4495 Oak Ave, New York, NY",1999-08-24,ataylor@protonmail.com,Atlas Freight,Billing
demo_0391,Jessica Jackson,"1971 Market St, Phoenix, AZ 85001",1964-12-30,jjackson@hotmail.com,Pinnacle Health Systems,CRM
demo_0044,Michael Murphy,"28 Spring St, Minneapolis, MN 55401",1967-09-05,michael.murphy9@icloud.com,Meridian Insurance,Fraud_DB
demo_0341,Omar Johnson,"24 River Rd, Miami, FL 33101",1959-04-30,ojohnson@hotmail.com,Volkov Energy Partners,Billing
demo_0170,Nicole Wilson,"9534 Highland Dr, Houston, TX 77001",1953-12-23,nicolewilson@icloud.com,Bright Horizons LLC,Fraud_DB
demo_0400,Svetlana Lee,"1076 Lincoln Way, Nashville, TN 37201",1986-03-11,svetlana.lee@outlook.com,Bright Horizons LLC,CRM
demo_0325,Thomas Young,"9731 Elm Rd, Nashville, TN 37201",1951-01-31,joseph.cooper34@yahoo.com,Apex Manufacturing,Billing
demo_0303,M. Morgan,"9623 Maple Ln, Charlotte, NC 28201",1958-11-19,mei.morgan36@mail.com,TechNova Inc,Billing
demo_0373,Aisha Jackson,"1818 Spring St, Portland, OR 97201",1956-07-04,aisha.jackson76@icloud.com,Summit Financial,Billing
demo_0043,Kwame Campbell,"5140 Lake Shore Dr, Philadelphia, PA 19101",1995-11-19,kwame.campbell74@yahoo.com,Metro Logistics,Billing
demo_0478,Andrew Mitchell,"7961 Market St, Atlanta, GA 30301",1977-06-04,andrewmitchell@outlook.com,Meridian Insurance,Billing
demo_0375,Fatima Parker,"3658 Adams St, Phoenix, AZ 85001",1983-12-12,fatimaparker@protonmail.com,Pinnacle Health Systems,CRM
demo_0074,Andrew Mitchell,"1959 Franklin Ave, Phoenix, AZ 85001",1967-03-09,andrew.mitchell36@hotmail.com,Clearwater Systems,Fraud_DB
demo_0466,Andrew Roberts,"8420 Elm Rd, Chicago, IL 60601",1965-01-07,andrew.roberts@gmail.com,Metro Logistics,Fraud_DB
demo_0021,Jennifer Lewis,"8835 Maple Ln, Detroit, MI 48201",1992-05-28,jennifer.lewis53@hotmail.com,Metro Logistics,CRM
demo_0115,Michael Nelson,"8072 Pine Dr, Chicago, IL 60601",1971-01-24,michael.nelson59@outlook.com,Apex Manufacturing,Fraud_DB
demo_0317,Steven Bailey,"4656 Broadway, Philadelphia, PA 19101",1980-10-28,maria.stewart@icloud.com,Summit Financial,Billing
demo_0131,Mark Martin,"7901 Park Ave, Chicago, IL 60601",1981-05-30,mark.martin@icloud.com,Coastal Engineering,Fraud_DB
demo_0226,M. Nelson,"8072 Pine Drive, Chicago, IL 60601",1971-01-24,michael.nelson59@outlook.com,Apex Manufacturing,Billing
demo_0091,Chen Peterson,"7243 Oak Ave, Austin, TX 73301",1973-12-16,chenpeterson@outlook.com,Horizon Pharma,Fraud_DB
demo_0073,Susan Turner,"5765 Market St, Denver, CO 80201",1977-07-05,sturner@protonmail.com,Summit Financial,Fraud_DB
demo_0250,Mei Howrad,"7374 Broadway, Seattle, WA 98101",1974-11-17,mhoward@mail.com,Coastal Engineering,Fraud_DB
demo_0456,Amit Mitchell,"9047 Oak Ave, Boston, MA 02101",1972-07-19,amit.mitchell29@hotmail.com,Petrov Trading LLC,Fraud_DB
demo_0187,"Evans, Olga","8409 Adams St, Chicago, IL 60601",1990-07-21,olga.evans@hotmail.com,Vanguard Properties,Fraud_DB
demo_0384,Susan Wright,"4613 Lincoln Way, Seattle, WA 98101",1958-08-09,susan.wright74@gmail.com,Ironclad Security,Billing
demo_0032,Carlos Edwards,"4670 Cedar Ct, Durham, NC 27701",1998-09-26,carlos.edwards@protonmail.com,Ironclad Security,Billing
demo_0278,"Lee, Maria","151 Maple Ln, Philadelphia, PA 19101",1989-04-24,maria.lee74@protonmail.com,GlobalTrade Solutions,Billing
demo_0386,Mark Perez,"4782 Elm Rd, San Francisco, CA 94101",1960-05-12,mark.perez61@protonmail.com,Atlas Freight,Fraud_DB
demo_0246,"Sanchez, Linda","2505 Sunset Blvd, Phoenix, AZ",1998-05-23,lindasanchez@gmail.com,Atlas Freight,Fraud_DB
demo_0163,Chen Robinson,"462 Highland Dr, Chicago, IL 60601",1980-01-30,crobinson@outlook.com,TechNova Inc,Billing
demo_0404,Mei Lopez,"4671 Main St, Raleigh, NC 27601",1954-06-15,mlopez@outlook.com,DataStream Analytics,Fraud_DB
demo_0171,Mary Ward,"2987 Maple Ln, Los Angeles, CA 90001",1991-01-23,maryward@gmail.com,Metro Logistics,CRM
demo_0215,Maria Allen,"1685 Sunset Boulevard, Minneapolis, MN 55401",1986-06-17,mallen@outlook.com,Bright Horizons LLC,Fraud_DB
demo_0461,David Mitchell,"8609 Park Ave, Phoenix, AZ 85001",1996-09-15,dmitchell@yahoo.com,Silverline Consulting,Fraud_DB
demo_0222,L. Lee,"392 Spring St, Los Angeles, CA 90001",1966-09-03,linda.lee35@outlook.com,DataStream Analytics,Fraud_DB
demo_0086,Kwame Roberts,"9892 Broadway, Boston, MA 02101",1958-03-12,kwame.roberts@hotmail.com,Coastal Engineering,Fraud_DB
demo_0201,C. Morgan,"3069 Elm Road, Nashville, TN 37201",1982-05-09,carlosmorgan@protonmail.com,BlueRock Capital,Fraud_DB
demo_0025,Richard Young,"2725 Lake Shore Dr, San Francisco, CA 94101",1993-03-09,richard.young8@hotmail.com,Bright Horizons LLC,Billing
demo_0184,K. Reed,"6844 Lincoln Way, Chicago, IL 60601",1986-05-04,kwamereed@outlook.com,Bright Horizons LLC,Billing
demo_0458,Maria Martinez,"3064 Cedar Ct, Nashville, TN 37201",1960-09-15,maria.martinez@aol.com,Silverline Consulting,Billing
demo_0056,Nadia Morgan,"6382 Adams St, Boston, MA 02101",1984-02-16,nadia.morgan@mail.com,Apex Manufacturing,Billing
demo_0016,Thomas Evans,"5039 Park Ave, New York, NY 10001",1971-08-11,thomas.evans@yahoo.com,Atlas Freight,CRM
demo_0042,Maria Turner,"453 Pine Dr, Denver, CO 80201",1966-01-08,maria.turner@protonmail.com,Summit Financial,Fraud_DB
demo_0321,Maria Bailey,"1421 Pine Dr, Houston, TX 77001",1961-01-18,srivera@mail.com,Clearwater Systems,Fraud_DB
demo_0102,Fatima Nelson,"475 Oak Ave, Atlanta, GA 30301",1955-01-13,fatimanelson@protonmail.com,Apex Manufacturing,Billing
demo_0013,Karen Cox,"8670 Broadway, Minneapolis, MN 55401",1951-01-12,karencox@yahoo.com,Meridian Insurance,CRM
demo_0421,Wei Gray,"9645 Lincoln Way, Phoenix, AZ 85001",1955-11-10,weigray@gmail.com,Prairie Wind Energy,Billing
demo_0259,Amanda Bell,"Miami, FL 33101, 4098 Market St",1967-11-15,amanda.bell@protonmail.com,DataStream Analytics,CRM
demo_0065,Sarah Allen,"1670 Lincoln Way, Philadelphia, PA 19101",1960-11-10,sarahallen@gmail.com,Ironclad Security,Billing
demo_0077,James Baker,"7691 Church St, Durham, NC 27701",1980-07-26,james.baker@outlook.com,Coastal Engineering,Billing
demo_0318,Christopher Ward,"511 Maple Ln, Philadelphia, PA 19101",1984-05-14,mlee@gmail.com,GlobalTrade Solutions,Fraud_DB
demo_0316,Richard Gonzalez,"3069 Elm Rd, Nashville, TN 37201",1992-10-11,carlos.morgan@yahoo.com,GlobalTrade Solutions,CRM
demo_0137,Thomas Campbell,"7044 Pine Dr, Miami, FL 33101",1993-08-28,thomas.campbell@protonmail.com,DataStream Analytics,Billing
demo_0237,KAREN DAVIS,"126 Washington Blvd, Miami, FL",1968-12-13,karendavis@gmail.com,Prairie Wind Energy,Fraud_DB
demo_0264,DMITRI REED,"4461 Spring St, Minneapolis, MN 55401",1994-04-20,dmitri.reed@mail.com,Northstar Advisory,Billing
demo_0309,Raj Green,"6047 Market St, San Francisco, CA 94101",1979-05-13,ahmed.cox@yahoo.com,Clearwater Systems,CRM
demo_0211,AHMED CARTER,"5568 Sunset Blvd, Boston, MA 02101",1966-04-11,acarter@icloud.com,Pinnacle Health Systems,CRM
demo_0433,Thomas Reed,"6558 Market St, Denver, CO 80201",1984-08-09,thomas.reed84@mail.com,Bright Horizons LLC,CRM
demo_0408,Nadia Edwards,"9199 Jefferson Blvd, Philadelphia, PA 19101",1975-05-12,nadia.edwards@protonmail.com,Atlas Freight,CRM
demo_0342,Jennifer Davis,"4585 Elm Rd, New York, NY 10001",1970-10-07,jenniferdavis@aol.com,Al-Rashid Import Export,Billing
demo_0122,Robert Thompson,"4348 Oak Ave, Houston, TX 77001",1987-10-08,robert.thompson@yahoo.com,Atlas Freight,Billing
demo_0293,"Mitchell, Nicole","Raleigh, NC 27601, 3911 Broadway",1961-09-28,nicole.mitchell@aol.com,GlobalTrade Solutions,Fraud_DB
demo_0332,Christopher Johnson,"8134 Sunset Blvd, Nashville, TN 37201",1996-05-27,cjohnson@protonmail.com,Al-Rashid Import Export,Billing
demo_0051,Steven Thompson,"8487 Market St, New York, NY 10001",2000-01-04,steven.thompson@hotmail.com,Horizon Pharma,CRM
demo_0435,Olga Parker,"473 Maple Ln, San Francisco, CA 94101",1993-10-16,olga.parker57@yahoo.com,TechNova Inc,CRM
demo_0111,Gabriela Ward,"4836 Highland Dr, Chicago, IL 60601",1992-01-07,gward@yahoo.com,DataStream Analytics,Fraud_DB
demo_0143,Dmitri Phillips,"3631 Highland Dr, Phoenix, AZ 85001",1956-11-07,dphillips@yahoo.com,Apex Manufacturing,Billing
demo_0218,Maria Hrenandez,"Charlotte, NC 28201, 4459 Market St",1992-07-28,mhernandez@yahoo.com,Metro Logistics,CRM
demo_0070,Yusuf Green,"9768 Broadway, Minneapolis, MN 55401",1950-11-29,yusuf.green@hotmail.com,DataStream Analytics,Fraud_DB
demo_0370,Abdul Rahman,SDGT VENEZUELA,1985-02-14,,,OFAC
demo_0322,Omar Bell,"2291 Park Ave, Denver, CO 80201",1957-07-23,joseph.cooper34@yahoo.com,DataStream Analytics,Fraud_DB
demo_0059,Robert Morris,"9698 Adams St, Boston, MA 02101",1957-07-13,rmorris@aol.com,Horizon Pharma,CRM
demo_0243,"Wilson, Nicole","9534 Highland Drive, Houston, TX 77001",1953-12-23,nicole.wilson72@outlook.com,Bright Horizons LLC,CRM
demo_0297,A. Bell,"9190 Main St, Chicago, IL 60601",1956-10-01,aisha.bell@icloud.com,Apex Manufacturing,CRM
demo_0034,Mark Phillips,"3336 Broadway, Nashville, TN 37201",1993-10-30,mark.phillips@protonmail.com,GlobalTrade Solutions,Fraud_DB
demo_0382,Wei Lee,"1229 Franklin Ave, Los Angeles, CA 90001",1980-04-26,wei.lee@mail.com,Silverline Consulting,Fraud_DB
demo_0482,Robert Gray,"512 Adams St, Detroit, MI 48201",1986-05-07,robert.gray@hotmail.com,Ironclad Security,Billing
demo_0345,Ahmed Walker,"3322 Maple Ln, Detroit, MI 48201",1959-10-11,ahmed.walker@outlook.com,Petrov Trading LLC,CRM
demo_0072,Steven Reed,"3987 Lincoln Way, Detroit, MI 48201",1983-02-09,stevenreed@mail.com,Silverline Consulting,Fraud_DB
demo_0352,William Perez,"7097 River Rd, San Francisco, CA 94101",1952-08-24,william.perez23@aol.com,Eastern Star Shipping Co,Billing
demo_0213,J. Baker,"7691 Church St, Durham, NC 27701",1980-07-26,jamesbaker@mail.com,Coastal Engineering,CRM
demo_0096,Dmitri Torres,"2435 Market St, Minneapolis, MN 55401",1993-06-14,dmitritorres@icloud.com,Ironclad Security,Fraud_DB
demo_0485,Christopher Rivera,"2609 Cedar Ct, Detroit, MI 48201",2000-10-05,christopher.rivera46@outlook.com,TechNova Inc,CRM
demo_0180,Yuki Martinez,"9404 Maple Ln, Nashville, TN 37201",1982-12-03,yukimartinez@aol.com,Coastal Engineering,CRM
demo_0108,Maria Miller,"9936 Church St, Miami, FL 33101",1970-08-24,mmiller@icloud.com,Metro Logistics,Fraud_DB
demo_0230,Maria Hernandez,"4459 Market St, Charlotte, NC 28201",1993-07-28,maria.hernandez35@mail.com,Metro Logistics,Billing
demo_0429,Yusuf Young,"45 Main St, Los Angeles, CA 90001",1959-11-28,yyoung@mail.com,GlobalTrade Solutions,Fraud_DB
demo_0465,Hassan Brown,"8469 Sunset Blvd, Nashville, TN 37201",1995-08-23,hassan.brown6@mail.com,Prairie Wind Energy,Fraud_DB
demo_0409,Yusuf Green,"5328 Broadway, Denver, CO 80201",1976-10-21,ygreen@hotmail.com,Vanguard Properties,CRM
demo_0335,Matthew King,"9403 Pine Dr, Seattle, WA 98101",1995-08-26,matthew.king@gmail.com,Petrov Trading LLC,CRM
demo_0088,Patricia Campbell,"6691 Highland Dr, Atlanta, GA 30301",1959-05-21,patriciacampbell@outlook.com,Silverline Consulting,Fraud_DB
demo_0224,Emeka Rodriugez,"7683 Market St, Miami, FL 33101",1973-08-23,emekarodriguez@aol.com,Vanguard Properties,Billing
demo_0281,Joseph Collnis,"4555 Market St, Portland, OR 97201",1964-08-04,joseph.collins87@yahoo.com,Metro Logistics,Billing
demo_0069,Emily Collins,"5512 Main St, San Francisco, CA 94101",1979-02-28,emily.collins28@outlook.com,Apex Manufacturing,Billing
demo_0440,Mary Bailey,"9389 Market St, Los Angeles, CA 90001",1994-09-20,marybailey@mail.com,Summit Financial,Billing
demo_0068,Sarah Scott,"5281 Park Ave, Los Angeles, CA 90001",1975-01-09,sscott@mail.com,Horizon Pharma,Fraud_DB
demo_0378,Amanda Lopez,"5501 Market St, Boston, MA 02101",1973-10-17,alopez@hotmail.com,Volkov Energy Partners,CRM
demo_0447,Linda Moore,"8173 Main St, Nashville, TN 37201",1954-05-11,linda.moore66@aol.com,Eastern Star Shipping Co,CRM
demo_0067,Amanda Cooper,"2507 Lake Shore Dr, Phoenix, AZ 85001",1996-10-22,amanda.cooper60@protonmail.com,Silverline Consulting,Fraud_DB
demo_0467,Amanda Lewis,"6951 Pine Dr, Austin, TX 73301",1998-03-31,amanda.lewis@aol.com,Khalid International Group,Fraud_DB
demo_0157,Olga Perez,"7171 Oak Ave, Charlotte, NC 28201",1982-09-07,olga.perez79@hotmail.com,Prairie Wind Energy,Fraud_DB
demo_0093,Richard Robinson,"1859 Market St, Chicago, IL 60601",1963-10-25,richardrobinson@mail.com,Vanguard Properties,Fraud_DB
demo_0084,William Perez,"5040 Jefferson Blvd, Detroit, MI 48201",1975-11-23,william.perez@mail.com,Horizon Pharma,Fraud_DB
demo_0026,James Stewart,"4346 Market St, Miami, FL 33101",1987-12-14,jstewart@mail.com,Metro Logistics,Billing
demo_0149,Karen Howard,"8215 Maple Ln, New York, NY 10001",1990-06-02,karenhoward@yahoo.com,GlobalTrade Solutions,Fraud_DB
demo_0292,Mei Howard,"7374 Broadway, Seattle, WA",1974-11-17,mhoward@mail.com,Coastal Engineering,Fraud_DB
demo_0054,David Baker,"3842 Broadway, Atlanta, GA 30301",1978-09-07,dbaker@yahoo.com,Pinnacle Health Systems,CRM
demo_0173,Andrew Baker,"5849 Oak Ave, Atlanta, GA 30301",1974-07-06,andrewbaker@yahoo.com,Silverline Consulting,Billing
demo_0489,Nadia Martinez,"8466 Broadway, Raleigh, NC 27601",1969-12-30,nadiamartinez@aol.com,Apex Manufacturing,Billing
demo_0339,Mary Johnson,"3288 Lincoln Way, Detroit, MI 48201",1977-04-07,mary.johnson48@hotmail.com,Volkov Energy Partners,Fraud_DB
demo_0446,Mary Harris,"5537 Pine Dr, Charlotte, NC 28201",1954-03-04,mary.harris59@yahoo.com,Al-Rashid Import Export,Fraud_DB
demo_0366,Omar Farooq,SDGT,1982-12-01,,,OFAC
demo_0240,"Stewart, James","4346 Market Street, Miami, FL 33101",1988-12-14,jstewart@mail.com,Metro Logistics,CRM
demo_0310,Priya Cooper,"5870 Elm Rd, Minneapolis, MN 55401",1985-09-06,ahmed.cox@yahoo.com,Metro Logistics,Billing
demo_0348,Richard Allen,"6493 Spring St, New York, NY 10001",1976-10-23,rallen@protonmail.com,Volkov Energy Partners,CRM
demo_0031,Mary Gonzalez,"1201 Franklin Ave, Austin, TX 73301",1995-05-21,mgonzalez@protonmail.com,Apex Manufacturing,CRM
demo_0277,K. Roberts,"8992 Broadway, Boston, MA 02101",1958-03-12,kwameroberts@outlook.com,Coastal Engineering,Billing
demo_0393,Susan Morris,"9045 Highland Dr, Denver, CO 80201",1996-08-16,susan.morris@mail.com,Volkov Energy Partners,Fraud_DB
demo_0199,"Mitchell, Kwame","4177 Sunset Blvd, Houston, TX 77001",1992-07-19,kwame.mitchell65@yahoo.com,GlobalTrade Solutions,Fraud_DB
demo_0294,O. Davis,"6524 Broadway, Austin, TX 73301",1960-12-16,omardavis@outlook.com,Metro Logistics,CRM
demo_0221,"Mitchell, Jessica","Raleigh, NC 27601, 3484 Church St",1991-03-02,jessicamitchell@gmail.com,Pinnacle Health Systems,Fraud_DB
demo_0101,David Young,"4709 Park Ave, Los Angeles, CA 90001",1988-12-07,david.young@yahoo.com,Horizon Pharma,CRM
demo_0089,Jennifer Baker,"6562 Franklin Ave, New York, NY 10001",1990-10-21,jenniferbaker@yahoo.com,Coastal Engineering,Billing
demo_0323,Karen Baker,"440 Lincoln Way, Austin, TX 73301",1996-06-13,nicolelopez@icloud.com,Northstar Advisory,Fraud_DB
demo_0009,Fatima Robinson,"5314 Oak Ave, Seattle, WA 98101",1952-11-17,fatima.robinson35@icloud.com,GlobalTrade Solutions,CRM
demo_0139,Thomas Smith,"8150 Lake Shore Dr, Phoenix, AZ 85001",1961-08-04,tsmith@aol.com,Vanguard Properties,Fraud_DB
demo_0241,Bill Wright,"Austin, TX 73301, 6212 Highland Dr",1990-10-17,williamwright@icloud.com,BlueRock Capital,CRM
demo_0369,Alexei Sidoorv,"5064 Cedar Ct, San Francisco, CA 94101",1974-08-25,alexei.sidorov@gmail.com,,Fraud_DB
demo_0109,Miguel Moore,"1592 Oak Ave, Miami, FL 33101",1989-07-19,miguelmoore@gmail.com,Pinnacle Health Systems,CRM
demo_0324,Mei Morris,"2415 Main St, New York, NY 10001",1954-11-24,ana.sanchez@mail.com,DataStream Analytics,Billing
demo_0463,Mark Howard,"9197 Main St, Chicago, IL 60601",1981-01-15,mhoward@mail.com,Petrov Trading LLC,Fraud_DB
demo_0014,Hassan Murphy,"2592 Market St, Boston, MA 02101",1973-08-18,hassan.murphy@outlook.com,Prairie Wind Energy,Fraud_DB
demo_0066,Nicole Edwards,"1130 Spring St, Atlanta, GA 30301",1951-02-19,nicole.edwards14@aol.com,Silverline Consulting,Billing
demo_0492,Amit Turner,"1857 Church St, San Francisco, CA 94101",1992-12-22,aturner@hotmail.com,Petrov Trading LLC,Billing
demo_0443,Ingrid Cooper,"5440 Franklin Ave, Philadelphia, PA 19101",1992-06-12,ingrid.cooper15@icloud.com,Summit Financial,Fraud_DB
demo_0144,Priya Jackson,"3872 Pine Dr, Houston, TX 77001",1972-12-18,pjackson@hotmail.com,Northstar Advisory,CRM
demo_0451,Hassan Campbell,"2174 Cedar Ct, Nashville, TN 37201",1998-09-02,hassan.campbell@icloud.com,Eastern Star Shipping Co,Billing
demo_0252,"Moore, Mei","1144 Broadway, Charlotte, NC",1980-06-29,meimoore@gmail.com,Prairie Wind Energy,Billing
demo_0141,Kwame Reed,"6844 Lincoln Way, Chicago, IL 60601",1986-05-04,kwamereed@gmail.com,Bright Horizons LLC,Fraud_DB
demo_0269,Mei Moragn,"6923 Maple Ln, Charlotte, NC 28201",1958-11-19,mei.morgan@aol.com,TechNova Inc,Billing
demo_0305,Mei Howard,"Seattle, WA 98101, 7374 Broadway",1974-11-17,meihoward@outlook.com,Coastal Engineering,CRM
demo_0191,Chen Robinsno,"462 Highland Drive, Chicago, IL 60601",1980-01-30,crobinson@outlook.com,TechNova Inc,Fraud_DB
demo_0457,Aisha Edwards,"9641 Franklin Ave, Philadelphia, PA 19101",1967-08-17,aishaedwards@hotmail.com,Horizon Pharma,CRM
demo_0022,Joseph Murphy,"5805 Lake Shore Dr, Charlotte, NC 28201",1991-11-25,joseph.murphy@gmail.com,TechNova Inc,Billing
demo_0486,Yuki Torres,"3797 Elm Rd, Denver, CO 80201",1983-02-22,yuki.torres@hotmail.com,Al-Rashid Import Export,CRM
demo_0253,S. Thompson,"Durham, NC 27701, 642 Park Ave",1989-06-03,stephaniethompson@outlook.com,Apex Manufacturing,Fraud_DB
demo_0427,Linda Thomas,"4632 Pine Dr, Chicago, IL 60601",1994-08-27,lthomas@hotmail.com,Eastern Star Shipping Co,Billing
demo_0062,David Garcia,"509 Park Ave, Austin, TX 73301",1951-10-30,dgarcia@outlook.com,Pinnacle Health Systems,Billing
demo_0474,Karen Morris,"8801 Franklin Ave, Los Angeles, CA 90001",1977-05-03,karenmorris@hotmail.com,Metro Logistics,Billing
demo_0476,Ana Miller,"8993 Market St, Minneapolis, MN 55401",1956-07-24,ana.miller@protonmail.com,Coastal Engineering,CRM
demo_0183,David Phillisp,"345 Adams Street, Minneapolis, MN 55401",1970-08-24,davidphillips@icloud.com,GlobalTrade Solutions,Billing
demo_0298,AMANDA HARRIS,"2692 Church St, Raleigh, NC 27601",1971-11-21,amanda.harris91@mail.com,Summit Financial,Fraud_DB
demo_0385,Daniel Miller,"5912 Main St, Charlotte, NC 28201",1957-11-11,daniel.miller26@protonmail.com,Summit Financial,CRM
demo_0392,Kwame Hernandez,"7134 Washington Blvd, Houston, TX 77001",1973-02-19,kwame.hernandez@icloud.com,GlobalTrade Solutions,Billing
demo_0483,Barbara Howard,"2436 Sunset Blvd, Raleigh, NC 27601",1970-01-13,bhoward@protonmail.com,Horizon Pharma,Fraud_DB
demo_0136,Maria Hernandez,"4459 Market St, Charlotte, NC 28201",1993-07-28,maria.hernandez35@mail.com,Metro Logistics,Fraud_DB
demo_0124,Mary Brown,"997 Church St, Raleigh, NC 27601",1988-03-30,mary.brown92@yahoo.com,Horizon Pharma,CRM
demo_0121,Miguel Thompson,"1802 Main St, Houston, TX 77001",1951-05-02,mthompson@icloud.com,Clearwater Systems,Billing
demo_0422,Priya Phillips,"7106 Maple Ln, Atlanta, GA 30301",1993-12-23,pphillips@icloud.com,Bright Horizons LLC,Billing
demo_0256,ELIZABETH ADAMS,"7434 Spring St, Philadelphia, PA 19101",1988-08-05,elizabeth.adams@gmail.com,Ironclad Security,CRM
demo_0098,Patricia Collins,"6326 Maple Ln, San Francisco, CA 94101",1953-04-28,patriciacollins@outlook.com,Summit Financial,Billing
demo_0094,Ahmed Morgan,"7906 Church St, Seattle, WA 98101",1990-12-24,ahmed.morgan25@outlook.com,Northstar Advisory,Fraud_DB
demo_0138,Karen Davis,"126 Washington Blvd, Miami, FL 33101",1968-12-13,karendavis@outlook.com,Prairie Wind Energy,Billing
demo_0112,Priya Morris,"9132 Sunset Blvd, Los Angeles, CA 90001",1985-05-26,priyamorris@gmail.com,Ironclad Security,CRM
demo_0182,MICHAEL NELSON,"0872 Pine Dr, Chicago, IL 60601",1971-01-24,michael.nelson59@outlook.com,Apex Manufacturing,CRM
demo_0161,Yuki Lee,"4470 Market St, Nashville, TN 37201",1963-03-22,yuki.lee@aol.com,DataStream Analytics,Billing
demo_0244,JENNIFER BAKER,"5662 Franklin Ave, New York, NY 10001",1990-10-21,jennifer.baker24@protonmail.com,Coastal Engineering,Fraud_DB
demo_0454,Miguel Jackson,"1017 Lincoln Way, Austin, TX 73301",1998-07-21,migueljackson@gmail.com,Horizon Pharma,CRM
demo_0284,Mei Andersno,"2684 Lincoln Way, Chicago, IL 60601",1952-04-21,meianderson@aol.com,Metro Logistics,Fraud_DB
demo_0039,Amit Brown,"2939 Highland Dr, Charlotte, NC 28201",1972-04-06,abrown@protonmail.com,Summit Financial,Billing
demo_0176,Sergei Adams,"5022 Market St, Philadelphia, PA 19101",1988-03-24,sergei.adams45@outlook.com,Horizon Pharma,CRM
demo_0363,Kim Yon-gchul,"917 Park Ave, Detroit, MI 48201",1965-09-12,kimyong-chul@aol.com,,Fraud_DB
demo_0048,Patricia Perez,"1390 Lincoln Way, Nashville, TN 37201",1980-01-27,pperez@yahoo.com,Prairie Wind Energy,CRM
demo_0148,Karen Gray,"6300 Market St, Detroit, MI 48201",1999-09-24,karen.gray74@gmail.com,Metro Logistics,Billing
demo_0128,Kwame Mitchell,"4177 Sunset Blvd, Houston, TX 77001",1992-07-19,kwame.mitchell@yahoo.com,GlobalTrade Solutions,CRM
demo_0406,Karen Johnson,"3667 Broadway, Philadelphia, PA 19101",1977-05-28,karen.johnson49@protonmail.com,Apex Manufacturing,Billing
demo_0005,Karen Wright,"712 Market St, Minneapolis, MN 55401",1961-03-14,karen.wright@aol.com,Ironclad Security,Billing
demo_0469,Susan Martinez,"9421 Park Ave, Denver, CO 80201",1986-07-28,susan.martinez81@aol.com,BlueRock Capital,Billing
demo_0442,Amanda Nelson,"8329 Franklin Ave, Austin, TX 73301",1990-12-06,amandanelson@icloud.com,TechNova Inc,CRM
demo_0420,Yuki Harris,"294 Main St, Seattle, WA 98101",1970-04-20,yukiharris@icloud.com,Pinnacle Health Systems,CRM
demo_0459,Susan Wright,"2132 Cedar Ct, Detroit, MI 48201",1972-11-17,susanwright@gmail.com,Horizon Pharma,Fraud_DB
demo_0480,Priya Turner,"7864 Market St, Durham, NC 27701",1982-03-09,priya.turner71@protonmail.com,Summit Financial,CRM
demo_0436,Miguel Mitchell,"203 Spring St, Detroit, MI 48201",2000-09-09,miguelmitchell@hotmail.com,Vanguard Properties,Fraud_DB
demo_0113,Mary Edwards,"4296 Adams St, Raleigh, NC 27601",1983-04-30,medwards@yahoo.com,Atlas Freight,CRM
demo_0196,"Howard, Fatima","Seattle, WA 98101, 4772 Oak Ave",1975-11-06,fatimahoward@yahoo.com,DataStream Analytics,Fraud_DB
demo_0035,Kwame Green,"723 Main St, Atlanta, GA 30301",1961-09-26,kgreen@protonmail.com,Horizon Pharma,Fraud_DB
demo_0133,Ahmed Carter,"5568 Sunset Blvd, Boston, MA 02101",1966-04-11,ahmed.carter9@outlook.com,Pinnacle Health Systems,Fraud_DB
demo_0389,Nicole Gonzalez,"1405 Sunset Blvd, Minneapolis, MN 55401",1987-02-21,nicole.gonzalez@hotmail.com,BlueRock Capital,Fraud_DB
demo_0247,"Reed, Dmitri","4461 Spring St, Minneapolis, MN 55401",1994-04-20,dmitri.reed@mail.com,Northstar Advisory,Billing
demo_0015,Linda Sanchez,"2505 Sunset Blvd, Phoenix, AZ 85001",1998-05-23,lindasanchez@gmail.com,Atlas Freight,CRM
demo_0376,Priya Smith,"9386 River Rd, Detroit, MI 48201",1952-11-27,priyasmith@outlook.com,Northstar Advisory,CRM
demo_0236,"Collins, Patricia","6326 Maple Ln, San Francisco, CA",1953-04-28,patricia.collins@icloud.com,Summit Financial,Fraud_DB
demo_0235,M. Thompson,"1802 Main St, Houston, TX",1951-05-02,miguelthompson@aol.com,Clearwater Systems,CRM
demo_0426,Fatima Johnson,"4934 Lake Shore Dr, Chicago, IL 60601",1996-09-05,fjohnson@protonmail.com,Silverline Consulting,CRM
demo_0125,Richard Roberts,"9967 Maple Ln, Los Angeles, CA 90001",1961-04-28,richardroberts@protonmail.com,BlueRock Capital,Fraud_DB
demo_0450,Linda Nelson,"8976 Highland Dr, Minneapolis, MN 55401",1969-07-01,lnelson@hotmail.com,Northstar Advisory,Fraud_DB
demo_0289,Thomas Miller,"3907 Lake Shore Dr, Philadelphia, PA",1991-01-04,thomas.miller@yahoo.com,Atlas Freight,CRM
demo_0194,N. Parker,"1181 River Rd, New York, NY 10001",1988-02-19,nadia.parker10@gmail.com,Meridian Insurance,Billing
demo_0227,Yuki Morgan,"4134 Elm Rd, San Francisco, CA",1951-09-28,yuki.morgan@protonmail.com,DataStream Analytics,CRM
demo_0129,Kwame Gonzalez,"6106 Maple Ln, Minneapolis, MN 55401",1955-05-20,kwame.gonzalez@icloud.com,Silverline Consulting,Billing
demo_0340,Jennifer Sanchez,"4017 Maple Ln, Boston, MA 02101",1986-10-15,jsanchez@gmail.com,Eastern Star Shipping Co,Fraud_DB
demo_0276,MEI ANDERSON,"2684 Lincoln Way, Chicago, IL 60601",1953-04-21,meianderson@outlook.com,Metro Logistics,Fraud_DB
demo_0497,Robert Sanchez,"8565 Spring St, Charlotte, NC 28201",1963-06-02,rsanchez@yahoo.com,Atlas Freight,Fraud_DB
demo_0263,Wei Cooper,"5273 Washington Blvd, Seattle, WA 98101",1984-05-11,wei.cooper56@yahoo.com,Meridian Insurance,Billing
demo_0060,William Wright,"6212 Highland Dr, Austin, TX 73301",1990-10-17,williamwright@icloud.com,BlueRock Capital,Billing
demo_0175,Ana Hernandez,"6956 Elm Rd, Charlotte, NC 28201",1966-03-11,anahernandez@protonmail.com,Summit Financial,CRM
demo_0151,Wei Cook,"5544 Jefferson Blvd, New York, NY 10001",1980-01-09,weicook@yahoo.com,Summit Financial,Fraud_DB
demo_0258,N. Morgan,"3682 Adams St, Boston, MA 02101",1984-02-16,nadia.morgan@gmail.com,Apex Manufacturing,Fraud_DB
demo_0038,Maria Allen,"1685 Sunset Blvd, Minneapolis, MN 55401",1986-06-17,mallen@outlook.com,Bright Horizons LLC,CRM
demo_0350,James Davis,"2142 Washington Blvd, Raleigh, NC 27601",1983-05-25,jamesdavis@yahoo.com,Al-Rashid Import Export,CRM
demo_0477,Andrew Torres,"5421 Sunset Blvd, Houston, TX 77001",1971-01-16,andrewtorres@yahoo.com,Northstar Advisory,CRM
demo_0260,Olga Eavns,"5934 River Rd, Detroit, MI 48201",1952-11-27,oevans@hotmail.com,Apex Manufacturing,Fraud_DB
demo_0209,Michael Muprhy,"28 Spring Street, Minneapolis, MN 55401",1967-09-05,michael.murphy9@icloud.com,Meridian Insurance,Billing
demo_0390,Amit Howard,"9384 Park Ave, San Francisco, CA 94101",1976-10-23,amit.howard92@yahoo.com,TechNova Inc,Fraud_DB
demo_0471,Omar Gray,"1739 Lincoln Way, Miami, FL 33101",1957-10-05,omar.gray49@protonmail.com,BlueRock Capital,Fraud_DB
demo_0415,Sarah Martinez,"7737 Washington Blvd, Nashville, TN 37201",1960-10-01,sarahmartinez@aol.com,Silverline Consulting,CRM
demo_0295,Richard Aleln,"1941 Franklin Ave, Charlotte, NC 28201",1970-04-01,rallen@aol.com,Prairie Wind Energy,CRM
demo_0207,MARK MARTIN,"7901 Park Avenue, Chicago, IL 60601",1981-05-30,mark.martin@icloud.com,Coastal Engineering,Billing
demo_0233,CHEN LEWIS,"Seattle, WA 98101, 7265 Market St",1982-07-16,chenlewis@aol.com,Ironclad Security,CRM
demo_0493,Robert Allen,"707 Maple Ln, Detroit, MI 48201",1964-06-15,robert.allen@outlook.com,Clearwater Systems,CRM
demo_0311,Jennifer Scott,"4647 Highland Dr, Minneapolis, MN 55401",1961-09-19,wei.martin54@icloud.com,Clearwater Systems,Billing
demo_0116,Mei Morgan,"9623 Maple Ln, Charlotte, NC 28201",1958-11-19,mei.morgan36@mail.com,TechNova Inc,Fraud_DB
demo_0494,William Perez,"4232 Cedar Ct, Nashville, TN 37201",1986-05-17,williamperez@gmail.com,GlobalTrade Solutions,CRM
demo_0178,Maria Lee,"511 Maple Ln, Philadelphia, PA 19101",1989-04-24,mlee@gmail.com,GlobalTrade Solutions,CRM
demo_0179,Olga Evans,"5934 River Rd, Detroit, MI 48201",1952-11-27,olga.evans48@outlook.com,Apex Manufacturing,Billing
demo_0299,Liz Adams,"7434 Spring St, Philadelphia, PA",1988-08-05,elizabeth.adams@yahoo.com,Ironclad Security,CRM
demo_0452,Susan Ward,"9549 Adams St, Charlotte, NC 28201",1997-11-24,susan.ward2@protonmail.com,Vanguard Properties,CRM
demo_0146,Emeka Rodriguez,"7683 Market St, Miami, FL 33101",1974-08-23,emekarodriguez@gmail.com,Vanguard Properties,CRM
demo_0424,Stephanie Jones,"6148 Broadway, Minneapolis, MN 55401",1954-05-12,stephanie.jones@gmail.com,Petrov Trading LLC,CRM
demo_0413,Priya White,"5500 Elm Rd, Seattle, WA 98101",1981-11-15,priyawhite@hotmail.com,Silverline Consulting,Billing
demo_0036,Aisha Bell,"9190 Main St, Chicago, IL 60601",1956-10-01,aisha.bell@outlook.com,Apex Manufacturing,Fraud_DB
demo_0008,Ahmed Martinez,"9981 Cedar Ct, Minneapolis, MN 55401",1971-12-18,ahmed.martinez49@outlook.com,Coastal Engineering,Fraud_DB
demo_0437,Fatima Gonzalez,"7092 Park Ave, San Francisco, CA 94101",1981-01-07,fgonzalez@aol.com,Ironclad Security,Fraud_DB
demo_0103,Daniel Allen,"8703 Lake Shore Dr, Detroit, MI 48201",1966-02-26,dallen@outlook.com,GlobalTrade Solutions,Fraud_DB
demo_0301,NADIA PARKER,"1181 River Rd, New York, NY 10001",1989-02-19,nadia.parker10@gmail.com,Meridian Insurance,Billing
demo_0208,Jess Parker,"Miami, FL 33101, 9418 Lincoln Way",1951-12-20,jessica.parker@hotmail.com,Acme Corp,Billing
demo_0203,JOSEPH COOPER,"252 Maple Lane, Charlotte, NC 28201",1964-11-07,joseph.cooper34@yahoo.com,Meridian Insurance,Billing
demo_0343,Mei Hernandez,"1566 Spring St, Houston, TX 77001",1985-05-19,mei.hernandez@yahoo.com,Eastern Star Shipping Co,Billing
demo_0181,Nicole Mitcehll,"3911 Broadway, Raleigh, NC 27601",1961-09-28,nicole.mitchell41@protonmail.com,GlobalTrade Solutions,Billing
demo_0205,Robert Thomposn,"4348 Oak Ave, Houston, TX 77001",1987-10-08,robert.thompson@yahoo.com,Atlas Freight,Fraud_DB
demo_0464,Emily Allen,"654 Highland Dr, Raleigh, NC 27601",1960-03-04,emilyallen@aol.com,Ironclad Security,Fraud_DB
demo_0045,Sergei Thomas,"4921 Spring St, Miami, FL 33101",1986-08-22,sergei.thomas90@icloud.com,Prairie Wind Energy,Fraud_DB
demo_0081,Richard Lee,"3930 Cedar Ct, Minneapolis, MN 55401",1956-09-25,richard.lee@outlook.com,Silverline Consulting,Billing
demo_0001,Amanda Anderson,"410 Broadway, Seattle, WA 98101",1970-01-10,amanda.anderson@outlook.com,Ironclad Security,CRM
demo_0396,Michael Thompson,"4513 River Rd, Houston, TX 77001",1986-01-15,michael.thompson43@gmail.com,Volkov Energy Partners,CRM
demo_0123,Olga Evans,"8409 Adams St, Chicago, IL 60601",1990-07-21,olga.evans@hotmail.com,Vanguard Properties,Billing
demo_0185,Carlos Edawrds,"4670 Cedar Ct, Durham, NC 27701",1998-09-26,carlos.edwards@protonmail.com,Ironclad Security,CRM
demo_0019,David Phillips,"345 Adams St, Minneapolis, MN 55401",1970-08-24,david.phillips@hotmail.com,GlobalTrade Solutions,Fraud_DB
demo_0346,Emeka Cox,"6661 Pine Dr, Minneapolis, MN 55401",1982-02-22,emeka.cox40@hotmail.com,Volkov Energy Partners,Billing
demo_0087,Michael Thompson,"7709 Spring St, Durham, NC 27701",1974-12-15,michael.thompson82@outlook.com,Atlas Freight,CRM
demo_0445,Jennifer Moore,"6705 Pine Dr, Denver, CO 80201",1967-07-30,jennifer.moore@hotmail.com,BlueRock Capital,CRM
demo_0119,Amanda Williams,"829 Highland Dr, Seattle, WA 98101",1961-04-19,amanda.williams@hotmail.com,Ironclad Security,CRM
demo_0358,Ahmed Al-Rashid,SDGT IRAN,1975-07-22,,Al-Rashid Import Export,OFAC
demo_0265,M. Lee,"511 Maple Lane, Philadelphia, PA 19101",1989-04-24,maria.lee@protonmail.com,GlobalTrade Solutions,Fraud_DB
demo_0262,Omar Daivs,"6524 Broadway, Austin, TX 73301",1960-12-16,omar.davis@gmail.com,Metro Logistics,CRM
demo_0307,Christopher Taylor,"3069 Elm Rd, Nashville, TN 37201",1978-11-24,carlos.morgan@yahoo.com,DataStream Analytics,Fraud_DB
demo_0018,Fatima Sanchez,"5108 River Rd, Portland, OR 97201",1989-04-21,fatima.sanchez@mail.com,DataStream Analytics,CRM
demo_0100,Fatima Morris,"1316 Highland Dr, Minneapolis, MN 55401",1984-02-04,fatima.morris70@icloud.com,TechNova Inc,Fraud_DB
demo_0394,Sarah Morgan,"1844 Lake Shore Dr, Houston, TX 77001",1963-04-19,sarah.morgan@yahoo.com,Clearwater Systems,CRM
demo_0266,Richard Lee,"9330 Cedar Ct, Minneapolis, MN 55401",1956-09-25,rlee@protonmail.com,Silverline Consulting,CRM
demo_0337,Carlos Morgan,"4445 Elm Rd, Detroit, MI 48201",1983-06-13,carlos.morgan@yahoo.com,Volkov Energy Partners,CRM
demo_0104,Wei Young,"8154 Adams St, Houston, TX 77001",1970-10-31,weiyoung@mail.com,Horizon Pharma,Billing
demo_0006,Nadia Evans,"9460 Washington Blvd, Los Angeles, CA 90001",1954-02-10,nadiaevans@hotmail.com,GlobalTrade Solutions,CRM
demo_0225,"Perez, Patricia","1390 Lincoln Way, Nashville, TN",1980-01-27,pperez@yahoo.com,Prairie Wind Energy,Billing
demo_0254,NICOLE ANDERSON,"9241 Washington Blvd, Durham, NC 27701",1972-12-27,nicole.anderson93@protonmail.com,Northstar Advisory,Billing
demo_0328,Amanda Gray,"6940 River Rd, Los Angeles, CA 90001",1998-02-20,andrew.mitchell36@hotmail.com,Ironclad Security,Fraud_DB
demo_0090,Thomas Reed,"8432 Main St, Minneapolis, MN 55401",1991-06-13,thomas.reed@aol.com,Metro Logistics,Fraud_DB
demo_0030,Nicole Mitchell,"3911 Broadway, Raleigh, NC 27601",1961-09-28,nicole.mitchell41@protonmail.com,GlobalTrade Solutions,CRM
demo_0306,Hassan Scott,"8429 Pine Dr, Houston, TX 77001",1986-12-05,kbaker@icloud.com,TechNova Inc,Billing
demo_0365,Vladimir Petrov,SDGT RUSSIA,1970-06-18,,Petrov Trading LLC,OFAC
demo_0147,Dmitri Cox,"7405 Oak Ave, New York, NY 10001",1983-01-30,dmitri.cox@protonmail.com,GlobalTrade Solutions,Fraud_DB
demo_0487,Elizabeth Evans,"6359 Church St, Durham, NC 27701",1954-03-02,elizabethevans@gmail.com,Summit Financial,Fraud_DB
demo_0484,Linda Lopez,"6501 Sunset Blvd, Nashville, TN 37201",1950-12-14,llopez@hotmail.com,Eastern Star Shipping Co,Fraud_DB
demo_0423,Robert Walker,"3676 Maple Ln, Austin, TX 73301",1951-12-20,robert.walker@outlook.com,Apex Manufacturing,Fraud_DB
demo_0428,Nadia Sanchez,"5865 Lake Shore Dr, Miami, FL 33101",1964-05-22,nadia.sanchez27@gmail.com,Volkov Energy Partners,Billing
demo_0197,"Edwards, Carlos","4670 Cedar Court, Durham, NC 27701",1998-09-26,carlos.edwards@protonmail.com,Ironclad Security,Fraud_DB
demo_0371,ABDUL RAHMAN,"327 Spring St, San Francisco, CA 94101",1985-02-14,abdulrahman@gmail.com,,CRM
demo_0020,Amanda Davis,"3751 Elm Rd, New York, NY 10001",1979-08-24,adavis@yahoo.com,Coastal Engineering,Fraud_DB
demo_0312,Maria Miller,"6691 Highland Dr, Atlanta, GA 30301",1991-03-26,patriciacampbell@outlook.com,Acme Corp,CRM
demo_0041,Nicole Harris,"6529 Highland Dr, Denver, CO 80201",1956-03-24,nicoleharris@protonmail.com,Vanguard Properties,Billing
demo_0453,Robert Collins,"2382 Oak Ave, New York, NY 10001",1967-12-08,rcollins@protonmail.com,Prairie Wind Energy,Fraud_DB
demo_0114,Emily Roberts,"9996 Park Ave, Los Angeles, CA 90001",1991-08-27,emily.roberts15@protonmail.com,Pinnacle Health Systems,CRM
demo_0135,Dmitri Roberts,"9300 Jefferson Blvd, Los Angeles, CA 90001",1954-09-20,droberts@outlook.com,Northstar Advisory,CRM
demo_0033,Nicole Wilson,"2201 Broadway, Chicago, IL 60601",1959-08-09,nicolewilson@outlook.com,Prairie Wind Energy,Fraud_DB
demo_0046,Christopher Harris,"6889 River Rd, Phoenix, AZ 85001",1976-12-31,christopher.harris@aol.com,Prairie Wind Energy,Billing
demo_0223,Thomas Allne,"New York, NY 10001, 9486 Jefferson Blvd",1957-05-10,thomasallen@gmail.com,Coastal Engineering,Fraud_DB
demo_0308,Jennifer Jackson,"4403 Lake Shore Dr, Raleigh, NC 27601",1990-07-20,david.young@yahoo.com,GlobalTrade Solutions,Fraud_DB
demo_0242,KAREN GRAY,"Detroit, MI 48201, 6300 Market St",1999-09-24,karen.gray74@gmail.com,Metro Logistics,Fraud_DB
demo_0075,Karen Baker,"1648 Washington Blvd, Miami, FL 33101",1970-05-30,kbaker@icloud.com,Prairie Wind Energy,CRM
demo_0047,Mark Murphy,"9503 Jefferson Blvd, Atlanta, GA 30301",1991-09-19,mark.murphy87@mail.com,Metro Logistics,Fraud_DB
demo_0481,Stephanie Hernandez,"4598 Maple Ln, Minneapolis, MN 55401",1967-08-16,stephanie.hernandez@protonmail.com,Khalid International Group,CRM
demo_0495,Emeka Howard,"7892 Cedar Ct, Seattle, WA 98101",1986-11-08,ehoward@outlook.com,Northstar Advisory,Fraud_DB
demo_0326,Wei Morgan,"2831 Church St, Los Angeles, CA 90001",1951-07-01,mark.phillips@protonmail.com,Clearwater Systems,CRM
demo_0200,DAVID GARCIA,"509 Park Avenue, Austin, TX 73301",1951-10-30,dgarcia@outlook.com,Pinnacle Health Systems,CRM
demo_0432,Nicole Perez,"5385 Sunset Blvd, Durham, NC 27701",1974-01-26,nicoleperez@yahoo.com,Meridian Insurance,CRM
demo_0027,Mark Davis,"9490 Franklin Ave, New York, NY 10001",1978-02-19,mark.davis@gmail.com,Clearwater Systems,Billing
demo_0444,Steven Smith,"5593 Sunset Blvd, Miami, FL 33101",1999-02-19,steven.smith@icloud.com,TechNova Inc,CRM
demo_0351,Robert Rodriguez,"7266 Maple Ln, Los Angeles, CA 90001",1979-09-30,robert.rodriguez@yahoo.com,Al-Rashid Import Export,Billing
demo_0357,"Volkov, Sergei","2947 Main St, Atlanta, GA 30301",1968-03-15,sergei.volkov@hotmail.com,Volkov Energy Partners,Billing
demo_0315,Miguel Hernandez,"2712 Oak Ave, Raleigh, NC 27601",1977-05-29,richardrobinson@mail.com,DataStream Analytics,Billing
demo_0282,Chen Robnison,"462 Highland Dr, Chicago, IL 60601",1980-01-30,chen.robinson@aol.com,TechNova Inc,Fraud_DB
demo_0411,Wei Jones,"9553 Adams St, Austin, TX 73301",1980-10-14,wei.jones86@hotmail.com,Apex Manufacturing,Fraud_DB
demo_0174,Mei Bailey,"6335 Highland Dr, Phoenix, AZ 85001",1994-07-08,meibailey@mail.com,Vanguard Properties,Billing
demo_0403,Karen Rivera,"2910 Church St, Detroit, MI 48201",1999-06-19,karenrivera@icloud.com,Bright Horizons LLC,Billing
demo_0206,"Howard, Fatima","4772 Oak Ave, Seattle, WA 98101",1975-11-06,fatimahoward@protonmail.com,DataStream Analytics,CRM
demo_0261,S. Allen,"1670 Lincoln Way, Philadelphia, PA 19101",1960-11-10,sarahallen@gmail.com,Ironclad Security,Fraud_DB
demo_0110,Hassan Roberts,"6808 Cedar Ct, Austin, TX 73301",1961-11-09,hassanroberts@icloud.com,Bright Horizons LLC,Billing
demo_0052,Ana Cox,"8703 Franklin Ave, Philadelphia, PA 19101",1978-06-20,ana.cox71@mail.com,Horizon Pharma,CRM
demo_0083,Svetlana Sanchez,"6966 Pine Dr, Minneapolis, MN 55401",1970-03-03,svetlanasanchez@outlook.com,Pinnacle Health Systems,CRM
demo_0359,Dmitri Kuznetsov,SDGT RUSSIA,1972-11-08,,,OFAC
demo_0401,Nadia Sanchez,"945 Park Ave, New York, NY 10001",1990-12-13,nadiasanchez@gmail.com,Volkov Energy Partners,CRM
demo_0229,KWAME REED,"6844 Lincoln Way, Chicago, IL 60601",1986-05-04,kwame.reed@hotmail.com,Bright Horizons LLC,Billing
demo_0118,Omar Davis,"6524 Broadway, Austin, TX 73301",1960-12-16,omar.davis@mail.com,Metro Logistics,Fraud_DB
demo_0383,Matthew Murphy,"2574 Oak Ave, Chicago, IL 60601",1979-09-15,mmurphy@hotmail.com,Silverline Consulting,Fraud_DB
demo_0488,Elizabeth Green,"4315 Adams St, Minneapolis, MN 55401",1965-08-06,elizabeth.green47@aol.com,Clearwater Systems,Fraud_DB
demo_0338,Steven Garcia,"1130 Market St, Miami, FL 33101",1977-11-15,steven.garcia@icloud.com,Khalid International Group,Fraud_DB
demo_0470,Sergei Williams,"6382 Pine Dr, Minneapolis, MN 55401",1950-07-13,sergei.williams@yahoo.com,Volkov Energy Partners,CRM
demo_0071,Amit Torres,"9097 Park Ave, San Francisco, CA 94101",1994-01-13,amit.torres@mail.com,GlobalTrade Solutions,Billing
demo_0377,Amanda Wilson,"8130 Maple Ln, Atlanta, GA 30301",1956-12-24,amandawilson@hotmail.com,Meridian Insurance,CRM
demo_0462,Barbara Reed,"1507 Sunset Blvd, Seattle, WA 98101",1969-02-21,barbarareed@icloud.com,Apex Manufacturing,Billing
demo_0362,Kim Yong-chul,DPRK,1965-09-12,,,OFAC
demo_0397,William Howard,"4401 Sunset Blvd, Boston, MA 02101",1980-04-24,williamhoward@protonmail.com,Coastal Engineering,Billing
demo_0177,Priya Parker,"7127 Broadway, New York, NY 10001",1956-09-24,priyaparker@aol.com,Vanguard Properties,Fraud_DB
demo_0490,Svetlana Ward,"9900 Main St, Nashville, TN 37201",1962-06-20,sward@mail.com,DataStream Analytics,CRM
demo_0158,Svetlana Rivera,"3834 Franklin Ave, Seattle, WA 98101",1977-10-06,srivera@mail.com,Apex Manufacturing,Fraud_DB
demo_0472,Robert Howard,"2562 Franklin Ave, Seattle, WA 98101",1962-03-27,roberthoward@aol.com,Petrov Trading LLC,CRM
demo_0455,Emily Robinson,"9196 River Rd, Seattle, WA 98101",1995-11-02,emily.robinson@protonmail.com,BlueRock Capital,Billing
demo_0285,Gabriela Ward,"4836 Highland Dr, Chicago, IL",1992-01-07,gabriela.ward48@hotmail.com,DataStream Analytics,CRM
demo_0287,S. Jackson,"7042 Maple Ln, New York, NY",1977-08-28,susan.jackson13@icloud.com,Apex Manufacturing,Fraud_DB
demo_0190,S. Sanchez,"6966 Pine Dr, Minneapolis, MN 55401",1970-03-03,svetlana.sanchez@protonmail.com,Pinnacle Health Systems,Billing
demo_0092,Jennifer Thomas,"473 Jefferson Blvd, Seattle, WA 98101",1964-03-17,jennifer.thomas@protonmail.com,Ironclad Security,Billing
demo_0248,A. Sanchez,"2415 Main Street, New York, NY 10001",1971-12-20,asanchez@hotmail.com,Horizon Pharma,CRM
demo_0286,M. Bailey,"6335 Highland Dr, Phoenix, AZ 85001",1994-07-08,mei.bailey11@protonmail.com,Vanguard Properties,CRM
demo_0402,Ahmed Edwards,"7606 Spring St, Raleigh, NC 27601",1961-02-11,aedwards@gmail.com,Apex Manufacturing,Billing
demo_0283,NICOLE LOPEZ,"9638 Spring St, Portland, OR 97201",1951-08-21,nicole.lopez@icloud.com,Bright Horizons LLC,Fraud_DB
demo_0212,THOMAS CAMPBELL,"Miami, FL 33101, 7044 Pine Dr",1993-08-28,tcampbell@hotmail.com,DataStream Analytics,Fraud_DB
demo_0105,Nicole Johnson,"7623 Lincoln Way, Minneapolis, MN 55401",1964-03-04,nicole.johnson45@yahoo.com,Clearwater Systems,Billing
demo_0387,Miguel Lopez,"8915 River Rd, Phoenix, AZ 85001",1983-04-15,miguellopez@aol.com,Bright Horizons LLC,Billing
demo_0204,Michael Thmopson,"7709 Spring St, Durham, NC 27701",1975-12-15,michael.thompson@gmail.com,Atlas Freight,Fraud_DB
demo_0349,Raj Rivera,"9014 Park Ave, Chicago, IL 60601",1991-06-15,rrivera@yahoo.com,Eastern Star Shipping Co,CRM
demo_0142,Mary Evans,"1444 Lake Shore Dr, Chicago, IL 60601",1971-10-30,mary.evans68@aol.com,GlobalTrade Solutions,Billing
demo_0314,Stephanie Nelson,"3336 Broadway, Nashville, TN 37201",1974-08-02,mark.phillips@protonmail.com,GlobalTrade Solutions,Fraud_DB
demo_0188,"Martin, Nadia","Nashville, TN 37201, 8992 Jefferson Blvd",1987-12-22,nadiamartin@yahoo.com,DataStream Analytics,CRM
demo_0290,"Williams, Amanda","829 Highland Dr, Seattle, WA 98101",1961-04-19,amanda.williams@hotmail.com,Ironclad Security,Billing
demo_0217,Yusuf Green,"9768 Broadway, Minneapolis, MN 55401",1950-11-29,yusuf.green@hotmail.com,DataStream Analytics,CRM
demo_0275,Emily Clolins,"San Francisco, CA 94101, 5512 Main St",1979-02-28,emily.collins@mail.com,Apex Manufacturing,Fraud_DB
demo_0438,William Johnson,"2572 Spring St, San Francisco, CA 94101",1994-06-26,william.johnson@outlook.com,Eastern Star Shipping Co,Billing
demo_0134,Amanda Brown,"1504 Spring St, Austin, TX 73301",1983-10-02,amanda.brown44@aol.com,Bright Horizons LLC,Billing
demo_0130,Nicole Bell,"843 Lincoln Way, Philadelphia, PA 19101",1978-01-12,nicole.bell@icloud.com,Clearwater Systems,Fraud_DB
demo_0300,Karen Daivs,"216 Washington Blvd, Miami, FL 33101",1968-12-13,karen.davis@yahoo.com,Prairie Wind Energy,Fraud_DB
demo_0334,Jessica Martinez,"7458 Spring St, Portland, OR 97201",1954-12-22,jmartinez@mail.com,Khalid International Group,Billing
demo_0219,"Johnson, Nicole","7623 Lincoln Way, Minneapolis, MN 55401",1964-03-04,nicolejohnson@protonmail.com,Clearwater Systems,Fraud_DB
demo_0080,Kwame Carter,"9317 Jefferson Blvd, New York, NY 10001",1958-11-26,kcarter@hotmail.com,Coastal Engineering,Fraud_DB
demo_0055,Wei Martin,"3506 Elm Rd, Charlotte, NC 28201",1986-07-27,wei.martin54@icloud.com,TechNova Inc,CRM
demo_0186,MEI MOORE,"1144 Broadway, Charlotte, NC 28201",1980-06-29,mei.moore@protonmail.com,Prairie Wind Energy,Billing
demo_0498,Karen Jones,"8707 Spring St, Chicago, IL 60601",1958-05-12,kjones@mail.com,Northstar Advisory,Fraud_DB
demo_0162,Omar Brown,"6798 Oak Ave, Raleigh, NC 27601",1995-01-14,obrown@icloud.com,BlueRock Capital,CRM
demo_0412,Dmitri Perez,"9147 Cedar Ct, Miami, FL 33101",1958-10-04,dperez@mail.com,Khalid International Group,Billing
demo_0353,Mark White,"4586 Market St, Houston, TX 77001",1953-02-09,markwhite@hotmail.com,Volkov Energy Partners,Billing
demo_0106,Amanda Bell,"4098 Market St, Miami, FL 33101",1967-11-15,amanda.bell14@aol.com,DataStream Analytics,Billing
demo_0336,Carlos Garcia,"5964 River Rd, Houston, TX 77001",1966-01-21,carlos.garcia29@gmail.com,Khalid International Group,Billing
demo_0193,Karen Grya,"6300 Market St, Detroit, MI 48201",1999-09-24,karen.gray74@gmail.com,Metro Logistics,Fraud_DB
demo_0491,Linda Green,"3466 Maple Ln, Phoenix, AZ 85001",1964-02-13,linda.green@icloud.com,Al-Rashid Import Export,CRM
demo_0267,EMEKA RODRIGUEZ,"7683 Market St, Miami, FL",1975-08-23,emekarodriguez@yahoo.com,Vanguard Properties,Fraud_DB
demo_0061,Yuki Morgan,"4134 Elm Rd, San Francisco, CA 94101",1951-09-28,yukimorgan@gmail.com,DataStream Analytics,Fraud_DB
demo_0268,W. Wright,"6212 Highland Dr, Austin, TX 73301",1991-10-17,williamwright@aol.com,BlueRock Capital,CRM
demo_0296,"Moore, Miguel","1592 Oak Ave, Miami, FL 33101",1989-07-19,mmoore@outlook.com,Pinnacle Health Systems,Billing
demo_0004,Ahmed Martin,"3528 Highland Dr, Chicago, IL 60601",1958-04-28,ahmed.martin@aol.com,Apex Manufacturing,Billing
demo_0405,Steven Clark,"4409 Lake Shore Dr, Nashville, TN 37201",1951-10-20,steven.clark17@gmail.com,Petrov Trading LLC,CRM
demo_0381,Ana Jones,"4832 Main St, Atlanta, GA 30301",1973-06-05,ana.jones@yahoo.com,Meridian Insurance,CRM
demo_0364,Khalid Ibrahim,SDGT IRAN,1978-04-05,,Khalid International Group,OFAC
demo_0003,Aisha Morgan,"3612 Market St, Detroit, MI 48201",1974-12-16,amorgan@gmail.com,Silverline Consulting,Billing
demo_0097,Wei Cooper,"5273 Washington Blvd, Seattle, WA 98101",1984-05-11,wei.cooper6@hotmail.com,Meridian Insurance,Fraud_DB
demo_0132,Steven Bell,"9191 Jefferson Blvd, Philadelphia, PA 19101",1999-12-13,stevenbell@gmail.com,Acme Corp,CRM
demo_0210,"Miller, Maria","9936 Church St, Miami, FL 33101",1970-08-24,maria.miller@mail.com,Metro Logistics,CRM
demo_0279,W. Perez,"5040 Jefferson Blvd, Detroit, MI 48201",1975-11-23,william.perez@mail.com,Horizon Pharma,Billing
demo_0449,Ahmed Morris,"5618 Lincoln Way, Durham, NC 27701",1961-12-19,ahmed.morris78@outlook.com,Volkov Energy Partners,Fraud_DB
